inflow_lpm,clog,converged,cells,outlet_lpm,overflow_lpm,P1_kpa,P2_kpa,dP_kpa,mesh_loss_pa,fabric_loss_pa,model_dP_kpa,model_fabric_loss_pa
5.0000,0.0000,False,309336,4.9962,0.0000,0.0000,0.0000,0.0980,-0.2224,92.0583,1.4795,103.4626
10.0000,0.0000,False,309336,9.9923,0.0000,0.0000,0.2551,0.1953,4.5848,182.8068,1.2322,206.9252
15.0000,0.0000,False,309336,14.9920,0.0000,0.0000,0.7287,0.3245,5.0835,272.0069,0.7702,310.3878
20.0000,0.0000,False,309336,19.9862,0.0000,0.3626,1.3920,0.4501,-3.5309,360.3568,0.4193,413.8504
25.0000,0.0000,False,309336,22.2986,2.6938,0.7914,1.7588,0.5121,-31.3901,399.9867,0.4684,461.5713
5.0000,0.5000,False,309336,4.9953,0.0000,0.0000,0.0000,0.1948,0.9941,185.0338,1.4795,206.9252
10.0000,0.5000,False,309336,9.9949,0.0000,0.0000,0.2562,0.4018,11.3603,368.8263,1.2322,413.8504
15.0000,0.5000,False,309336,14.9887,0.0000,0.0000,0.7257,0.6094,17.8639,551.2298,0.7702,620.7756
20.0000,0.5000,False,309336,19.8343,0.1612,0.7314,1.3711,0.8398,19.2950,726.3938,0.8504,821.0289
25.0000,0.5000,False,309336,19.8295,5.1612,0.7458,1.3674,0.8579,25.7274,726.9246,0.8504,821.0289
5.0000,0.8000,False,309336,4.9952,0.0000,0.0000,0.0000,0.4826,14.1736,463.7527,1.4795,517.3130
10.0000,0.8000,False,309336,9.9900,0.0000,0.0000,0.2555,1.0167,52.9710,926.4380,1.2322,1034.6260
15.0000,0.8000,False,309336,14.0681,0.9223,0.6159,0.6261,1.4692,97.1031,1302.6560,1.5699,1456.5198
20.0000,0.8000,False,309336,14.0721,5.9223,0.6694,0.6266,1.5223,102.4721,1302.9965,1.5699,1456.5198
25.0000,0.8000,False,309336,14.0736,10.9223,0.6208,0.6273,1.4730,117.9225,1302.8195,1.5699,1456.5198
