inflow_lpm,clog,filtered_lpm,overflow_lpm,level_mm,p1_kpa,p2_kpa,dp_kpa,media_loss_kpa
5.000,0.000,5.000,0.000,35.396,0.000,0.000,1.479,0.104
5.000,0.500,5.000,0.000,46.183,0.000,0.000,1.479,0.209
5.000,0.800,5.000,0.000,79.350,0.000,0.000,1.479,0.532
10.000,0.000,10.000,0.000,74.807,0.000,0.247,1.232,0.208
10.000,0.500,10.000,0.000,96.693,0.000,0.247,1.232,0.421
10.000,0.800,10.000,0.000,165.583,0.000,0.247,1.232,1.092
15.000,0.000,15.000,0.000,133.076,0.000,0.709,0.770,0.313
15.000,0.500,15.000,0.000,166.374,0.000,0.709,0.770,0.638
15.000,0.800,14.078,0.922,252.000,0.701,0.610,1.570,1.570
20.000,0.000,20.000,0.000,210.136,0.293,1.353,0.419,0.419
20.000,0.500,19.839,0.161,252.000,0.701,1.330,0.850,0.850
20.000,0.800,14.078,5.922,252.000,0.701,0.610,1.570,1.570
25.000,0.000,22.306,2.694,252.000,0.701,1.712,0.468,0.468
25.000,0.500,19.839,5.161,252.000,0.701,1.330,0.850,0.850
25.000,0.800,14.078,10.922,252.000,0.701,0.610,1.570,1.570
